prediction,target
0.43281763368595355,0
0.445931610179296,0
0.4703020617557112,0
0.413171092212053,0
0.43484022111844783,0
0.4514396602700645,0
0.46353993143452965,0
0.3592560510070906,0
0.44937998159503445,0
0.48642589044839896,0
0.3646428994666322,0
0.36832378820384093,0
0.44337272226974417,0
0.4008155973088481,0
0.328678251415112,0
0.4317206198705823,0
0.41427240272966886,0
0.35447075600498756,0
0.3786044406962714,0
0.3680933310497347,0
0.40544377436252904,0
0.4125975897887409,0
0.41964687386625216,0
0.3590585947690959,0
0.44487017229493975,0
0.35437793543184365,0
0.4708689024909523,0
0.4050268126149539,0
0.43420499137398416,0
0.444084794415334,0
0.4274670230808826,0
0.33348411462297184,0
0.5142395582840716,0
0.4396606698440557,0
0.445023885951272,0
0.3546948468632509,0
0.45687107116087944,0
0.43822955493783605,0
0.39230865210925175,0
0.3297142831513058,0
0.43224247512488567,0
0.4005461040607052,0
0.4147321244157999,0
0.3974483793926659,0
0.3623247393591336,0
0.38788245522875625,0
0.3630051908403428,0
0.4635289743901742,0
0.4376672819123097,0
0.40877785105774506,0
0.4033450745145929,0
0.7192880972320964,0
0.4503384638654014,0
0.32991700614004066,0
0.38107295983858824,0
0.4129877464388176,0
0.5162665137662393,0
0.43397605664048244,0
0.45488235439339053,0
0.3980375677414958,0
0.4742467739418347,0
0.4083785156889108,0
0.43321436977007977,0
0.3594048866638818,0
0.4375313168417113,0
0.4042164807018293,0
0.43584429420569426,0
0.4518487201758307,0
0.3411485609068975,0
0.39983626597931854,0
0.42516752870876495,0
0.4985948504126353,0
0.428594939889426,0
0.3949842785001519,0
0.3223244462408324,0
0.41145067961740944,0
0.4056815305528318,0
0.42838467739566916,0
0.3872030483666655,0
0.49898487745122766,0
0.47593067151159335,0
0.41010471563606976,0
0.3783436264480044,0
0.4049997220846927,0
0.5557301762137147,0
0.3937688870642865,0
0.41484264365007417,0
0.3629986870409243,0
0.4553195271459985,0
0.37862306712389815,0
0.352096628110376,0
0.3903497454249093,0
0.38895753057700255,0
0.40276889005265926,0
0.3965827655141888,0
0.3652507631855351,0
0.3802004689117242,0
0.3958525063859017,0
0.3586238630487701,0
0.393558875887591,0
0.38875779581281655,0
0.3951210033018819,0
0.39456292139432353,0
0.4802084573272586,0
0.4369575695711556,0
0.3610288683377658,0
0.363180379991175,0
0.43475866942483776,0
0.405750383549049,0
0.3767203652920548,0
0.4340661424527733,0
0.465919949317343,0
0.39176362754790445,0
0.4381367501570536,0
0.4032759672664183,0
0.4706480687999911,0
0.3852422894236444,0
0.3974322029610954,0
0.46303207296977344,0
0.4107844201918558,0
0.4087628722614281,0
0.39745031848566537,0
0.436834468719864,0
0.3924968200750262,0
0.3855805092932427,0
0.5061557909358414,0
0.4394009152515278,0
0.39587434721260933,0
0.4461602413501792,0
0.379686403554289,0
0.4675631994581277,0
0.41957524569061355,0
0.40268908543687915,0
0.45582942251651104,0
0.43984353759995465,0
0.3931063883739891,0
0.4050446675581639,0
0.36525709970526654,0
0.304100757137929,0
0.46729883535803013,0
0.36916430940861394,0
0.385493414519953,0
0.44349822457081145,0
0.4279220254743998,0
0.35188594850128657,0
0.3658015991826321,0
0.3889539893777357,0
0.3513596063886316,0
0.4297596746293466,0
0.46110160404563244,0
0.44728305152510883,0
0.42010281374749786,0
0.4622662124499421,0
0.4009184468804803,0
0.35896288727432035,0
0.4634293557737914,0
0.361281911360346,0
0.4186472314693463,0
0.40953443629651093,0
0.3302260217122814,0
0.3734915193194688,0
0.4473843391478704,0
0.2601546884372451,0
0.39853949574510117,0
0.4682496450913428,0
0.4682014422441019,0
0.4248020053772914,0
0.4188762395245085,0
0.37077079231783294,0
0.5058977646207689,0
0.36900880316080165,0
0.3630025860554429,0
0.31568335313951734,0
0.436364389495339,0
0.409265765871871,0
0.31663841901002127,0
0.3178687130978057,0
0.43577434322342873,0
0.39062197976953433,0
0.4315123321760349,0
0.4217518730489972,0
0.38456283079093156,0
0.4848604933050594,0
0.37832630039924353,0
0.40337608411400555,0
0.33858850744966834,0
0.43400159686742523,0
0.37427578392411676,0
0.46374647393536145,0
0.46446565418909336,0
0.4155140873105476,0
0.34648356197544306,0
0.31311534822112463,0
0.44019408826371703,0
0.4157933001253502,0
0.4414617560574824,0
0.40863982502997903,0
0.38004147716844827,0
0.42501209300155934,0
0.4647978365121522,0
0.41189074754578925,0
0.37237178839621,0
0.36471230049082504,0
0.41250346118116854,0
0.4604426092012699,0
0.38754897917460684,0
0.42998253198540787,0
0.370555375901619,0
0.3693601907088839,0
0.46130441172650327,0
0.375832841839814,0
0.3386883637301513,0
0.3908382797778776,0
0.41666871184232596,0
0.4225642021262478,0
0.5008282141489275,0
0.42805122447439886,0
0.4060169542038085,0
0.32821626140120946,0
0.4195608164572119,0
0.34174131232053073,0
0.3381508896506497,0
0.4533813982783145,0
0.3761545329530436,0
0.3662159265313577,0
0.4151824060373843,0
0.32210476442041414,0
0.4064820689840939,0
0.35007739850317654,0
0.4247848430418932,0
0.4051643005339016,0
0.40566313292616407,0
0.3788918731651063,0
0.35771237278527,0
0.40666065740537266,0
0.43124353285461425,0
0.38076152019541326,0
0.37145780237657394,0
0.34328327523847796,0
0.3894635857733943,0
0.3784212504735107,0
0.3657687608221863,0
0.3906899598808525,0
0.32672843541812946,0
0.40063983590418883,0
0.46996989895771957,0
0.4577004706956637,0
0.35938195550929747,0
0.4085913245174757,0
0.3841811833318694,0
0.5029455780670479,1
0.41693461380089397,1
0.3778046348948901,1
0.6233113469626483,1
0.3746101888536099,1
0.38385964154915636,1
0.3908340753058538,1
0.4192811755586253,1
0.5459783620949683,1
0.35976106052846146,1
0.33124250498275587,1
0.43648919436725314,1
0.3822067290467717,1
0.5001181456089916,1
0.39847844087214723,1
0.3250721820114789,1
0.432000827692295,1
0.4281982479577448,1
0.4589246364649884,1
0.3911551750167243,1
0.45558505212048006,1
0.37460222699774304,1
0.6664640471910215,1
0.38948112761044695,1
0.3518955436750672,1
0.6079822947146908,1
0.40701271064641,1
0.45749915056184776,1
0.5140381477181132,1
0.3867370095677286,1
0.45141828392283395,1
0.5129681437456639,1
0.402555815099386,1
0.444115444794755,1
0.4501694091578151,1
0.2689354048218449,1
0.41014361498137547,1
0.6005738987887336,1
0.40099309283894513,1
0.4741052183587685,1
0.46013456432543787,1
0.32752190192693303,1
0.4685679331718992,1
0.3642056164380218,1
0.3814642820366017,1
0.3761963744789238,1
0.3528470425661501,1
0.38419398471360494,1
0.5902916254206799,1
0.4328513476361971,1
0.49441251344237563,1
0.46675572454244685,1
0.41779478461631986,1
0.40533559320089446,1
0.49461265743091215,1
0.362294673296691,1
0.40124495268380245,1
0.42709890973583464,1
0.33640038941192313,1
0.45931949051677096,1
0.5120112975005058,1
0.3631648068378997,1
0.4005533870858458,1
0.49879913478247423,1
0.4374788532869269,1
0.42217157179948184,1
0.4039289337607277,1
0.6581944461046474,1
0.45655436200346633,1
0.4620794235527262,1
0.4544193877803357,1
0.3577935699413508,1
0.45157260204112426,1
0.4059603012980691,1
0.5121785387833668,1
0.3839444433385989,1
0.481745903813479,1
0.41289320860065853,1
0.3512492881406579,1
0.3601746528143719,1
0.5339350644149373,1
0.4061282412217009,1
0.38152130948722435,1
0.47231692890116256,1
0.39233420127593865,1
0.5178561966746921,1
0.43095664275383244,1
0.41692200038492083,1
0.4069063882974609,1
0.39040210702519984,1
0.3811793481901402,1
0.4927430002328066,1
0.4868348099307491,1
0.3997344190871277,1
0.3843852880871331,1
0.44581434520814256,1
0.3173320266288242,1
0.5348005312261842,1
0.40965666653221433,1
0.387557227108964,1
0.42723590438334225,1
0.7521084473151419,1
0.4414116215226989,1
0.3818465389115201,1
0.5285756335279508,1
0.3951272153726647,1
0.40355283296999345,1
0.5367878330164885,1
0.43099774188440176,1
0.3799657266590111,1
0.4178187293912004,1
0.4187900603115305,1
0.383450907014289,1
0.32345013355655977,1
0.3921799861537777,1
0.584430440568494,1
0.5572570883354292,1
0.4508169776427705,1
0.40173333548711015,1
0.34420055272799965,1
0.4393289660448965,1
0.43318782256045835,1
0.4199174600346746,1
0.378429394424217,1
0.38602688143614855,1
0.39785896074348115,1
0.562662704036818,1
0.4052498864643188,1
0.49005561524256985,1
0.5173321868522671,1
0.4570931277894876,1
0.34530033081272693,1
0.466344728498906,1
0.5692232417220876,1
0.43885085905088606,1
0.476375391989394,1
0.5152388878990668,1
0.35401637101198696,1
0.40586073099421505,1
0.33052494852447106,1
0.4479203892180412,1
0.3177567490480497,1
0.3784245003305606,1
0.376412008033301,1
0.4025700291049475,1
0.38345038563879974,1
0.3625847896139044,1
0.39304978744862057,1
0.38940458016707946,1
0.3974860690013497,1
0.5961032543735906,1
0.39041932332605256,1
0.37638535520945726,1
0.4014583624501744,1
0.3842939153461866,1
0.534708646507218,1
0.3873124493554348,1
0.33165846742124605,1
0.375126579932333,1
0.4182227440047747,1
0.4548242826231791,0
0.3713440228155492,0
0.3813885854885635,0
0.40425964774681256,0
0.4255641872437273,0
0.4212268312758675,0
0.39526951127401905,0
0.4100419398700097,0
0.3973888542406862,0
0.3449965124790235,0
0.3936972137391724,0
0.4064354036059242,0
0.4014806510476198,0
0.3485357845980251,0
0.43108778864754593,0
0.39241652916606673,0
0.3796036311115294,0
0.3487569226779364,0
0.42329628699346616,0
0.4078722260736541,0
0.33002644886269483,0
0.3059847096652756,0
0.38948644841960484,0
0.36790274052644445,0
0.46860242940985636,0
0.42316767884843526,0
0.4930774018011929,0
0.39608097129774267,0
0.34833553411718965,0
0.4330893416437706,0
0.38781664880670785,0
0.45085875803068576,0
0.3877460560655226,0
0.3592149911526962,0
0.3704958250723276,0
0.3468429649617293,0
0.3874894302651672,0
0.4275888671592783,0
0.42135262094697556,0
0.4379819027653095,0
0.47451631355067003,0
0.43289222296099944,0
0.35108978350620845,0
0.3971225841492729,0
0.4199849042334425,0
0.40003599437341897,0
0.511311831989947,0
0.37575399471888304,0
0.4778592738966161,0
0.431574821866842,0
0.3794941385819152,0
0.4529071356765919,0
0.3885053085655893,0
0.4334556718599291,0
0.43212918023124225,0
0.3486204110105212,0
0.3321123510077245,0
0.41089851996322263,0
0.3338930079376034,0
0.3962011966036122,0
0.38612368145984444,0
0.4364504254776064,0
0.3589161169413814,0
0.35013288613614413,0
0.3997057717698759,0
0.41699005728488553,0
0.45138386877142006,0
0.5336752871460959,0
0.3286314103689871,0
0.3683712350439994,0
0.3928927395653374,0
0.4513788920742996,0
0.3751054698868179,0
0.4119098069926608,0
0.4088864083274449,0
0.38405223126645954,0
0.3661894862100522,0
0.4025893934211986,0
0.3481624895883165,0
0.39755152584010534,0
0.3464633012805943,0
0.38689120138079813,0
0.3305696899787178,0
0.4301532247458467,0
0.44203145673451855,0
0.4849289449072159,0
0.3849070420022828,0
0.3503944923828143,0
0.4490174148501859,0
0.435782499781982,0
0.41932252558699024,0
0.38729826851983673,0
0.3966812480372741,0
0.43600897281109097,0
0.4055501035258746,0
0.37111410561868247,0
0.4172625570766296,0
0.38219164222751406,0
0.43431253715285006,0
0.5338251828061165,0
0.4292978477105596,0
0.37956317516799737,0
0.36155234603574143,0
0.3406242993692492,0
0.45747101559172637,0
0.4798780153065217,0
0.4624205062272568,0
0.49676898037786765,0
0.47520872979058093,0
0.31991474449953566,0
0.4852038931133071,0
0.39275325171961745,0
0.38700319263147265,0
0.396864020473655,0
0.43034385583525625,0
0.39716040836934785,0
0.35133300973432974,0
0.4336091793242212,0
0.48661752450431117,0
0.3653680803046336,0
0.40137447099040624,0
0.5857514497059549,0
0.3903148115917245,0
0.4163795580879322,0
0.5013901245236458,0
0.42977270402583634,0
0.42075941801164185,0
0.40948779685500203,0
0.35690171495386974,0
0.3974688387464765,0
0.345226724909849,0
0.37315799384266873,0
0.3747933512815708,0
0.5132554141020204,0
0.468829938201442,0
0.45147168370294166,0
0.46845120097896287,0
0.40089195684467743,0
0.36282042860824065,0
0.4503093987723643,0
0.43366953202811664,0
0.34580672845065324,0
0.4381064137661792,0
0.3797459698654399,0
0.3559927630023748,0
0.42134213437800355,0
0.4136435023858157,0
0.34623518263975567,0
0.3835058499897628,0
0.4092683086139427,0
0.37046559341915997,0
0.3629635695360457,0
0.34841380372775493,0
0.4345174550891221,0
0.3182262040516564,0
0.34713762150680755,0
0.36858404476685047,0
0.3794939775788005,0
0.4177941198444062,0
0.40068910572993055,0
0.43998347072938404,0
0.3826622910099678,0
0.4874487517788402,0
0.38940249537416227,0
0.37301415275774147,0
0.3347617172282391,0
0.3753830580318202,0
0.44614986850187033,0
0.3462437767675956,0
0.33777854128412466,0
0.35316636732542206,0
0.35527637861356887,0
0.4103759048811209,0
0.47058277139195037,0
0.4350755872135411,0
0.3713508513043909,0
0.41171219403456083,0
0.3505842496589619,0
0.4739583014315519,0
0.3762429957261816,0
0.3754460150557119,0
0.453540492657725,0
0.3796783406359242,0
0.42396210416814334,0
0.41607261352087505,0
0.3995092975093184,0
0.48563636483598044,0
0.38913659686605523,0
0.40666642056205227,0
0.4630492057632653,0
0.44288737788640925,0
0.47423412277013177,0
0.3949958225097686,0
0.4060927040661395,0
0.34997251809577185,0
0.3560556042021633,0
0.40998708636481507,0
0.40774800116641147,0
0.4946513995942435,0
0.4374777312595678,0
0.3019372200307602,0
0.3616480131314905,0
0.39955702821009875,0
0.4498839505329535,0
0.44916824994011956,0
0.3056501659735603,0
0.482931350402494,0
0.43191372163368524,0
0.4309302719340259,0
0.4766066247345713,0
0.4842768912878438,0
0.3443192984054133,0
0.4616578695994286,0
0.41226330423373786,0
0.3683397896567229,0
0.324239322146868,0
0.4163149398197514,0
0.39090507023480625,0
0.3980057819522509,0
0.41947047437730317,0
0.3640522954203446,0
0.36740808354675103,0
0.41952246197954757,0
0.3948776694903796,0
0.3543834403442398,0
0.4285185124244117,0
0.444329456231632,0
0.4673881976905393,0
0.4318477125313555,0
0.3581133945361501,0
0.441090205759029,0
0.4254819361222688,0
0.3776214103648237,0
0.42832235230124205,0
0.42685909276804845,0
0.3433296436223129,0
0.3278287781134748,0
0.3638704995234265,0
0.5084726672749545,0
0.4211217711969231,0
0.43111483317600224,0
0.35954899626852393,0
0.3773003115966178,0
0.3800586369443233,0
0.4067175058058178,0
0.4076945231675016,0
0.3983509634445266,0
0.3818376779017745,0
0.37135195601759896,0
0.41856719076222715,0
0.385417822277471,1
0.34796010279983486,1
0.391353135770151,1
0.462127510745879,1
0.3782976099333321,1
0.34574317594926535,1
0.7468305580005374,1
0.33039266271153517,1
0.3440426176609615,1
0.38053954686722036,1
0.5159745824030221,1
0.5009549986830791,1
0.40628278671476226,1
0.3581535395568394,1
0.3707130286232941,1
0.35942245923032157,1
0.48409021967419774,1
0.4033937830279448,1
0.426182219068527,1
0.4309109215512755,1
0.49814872717830444,1
0.4068489571536193,1
0.43944196448901846,1
0.3522623142940353,1
0.30783341473874465,1
0.3541938944770775,1
0.37825768458741726,1
0.38812430900069855,1
0.4014809434151304,1
0.40450795567825637,1
0.45644249623178884,1
0.3792058011034432,1
0.6223111454058546,1
0.39229107145591596,1
0.4274180410049013,1
0.3411197944839555,1
0.3838124883150661,1
0.29253660199452064,1
0.474932487221803,1
0.394872149402676,1
0.3726495141634906,1
0.3856663895659664,1
0.29654305598448494,1
0.4521093504804399,1
0.3897739595101123,1
0.3674615893996461,1
0.36395170800703674,1
0.4458075198311527,1
0.44424977309167574,1
0.38578730697294394,1
0.46028138265970026,1
0.42886072035613665,1
0.4364379456584409,1
0.39936407807406316,1
0.368344536855378,1
0.3700736103376676,1
0.3584619862514034,1
0.41106013209283937,1
0.3800663898474209,1
0.45210471380907,1
0.44302150173253135,1
0.4811355973219588,1
0.4308938179239118,1
0.38996630404680094,1
0.4233468342395288,1
0.45550405044451875,1
0.6386185818965664,1
0.3525509602509988,1
0.5034541507521006,1
0.3331821681070003,1
0.32865508006381605,1
0.3962095123562614,1
0.4407817776202194,1
0.3468772878677065,1
0.44532006537079866,1
0.2699863393299046,1
0.4545280886501239,1
0.36872040963303937,1
0.4284673887068651,1
0.48587707513286493,1
0.41086391395507454,1
0.43237588130975096,1
0.42428196760397174,1
0.46179236205747687,1
0.3874758014317629,1
0.3848320409035826,1
0.35285126466178585,1
0.41753263512018457,1
0.5111197761182971,1
0.33828016067669686,1
0.2869636943730233,1
0.38606752449431364,1
0.4463714881503822,1
0.3999018442924662,1
0.3966211945194892,1
0.38420403308600015,1
0.41524682593988305,1
0.4348089849591052,1
0.47821751565290327,1
0.37318158068139307,1
0.4103042384444492,1
0.44926622345265127,1
0.39358469812477254,1
0.519577439374337,1
0.3729593869512056,1
0.3810862100755689,1
0.3843389086803363,1
0.47315178779744316,1
0.41922471139348244,1
0.4203499822011457,1
0.42466709515151374,1
0.45486964136754293,1
0.4369461656118419,1
0.3699165114106589,1
0.38494548390297484,1
0.48555345425188734,1
0.43133653692133717,1
0.4776747440931775,1
0.378445125842774,1
0.3535953480907206,1
0.3683701902550409,1
0.4387577919940648,1
0.49314566438013974,1
0.46568814659621877,1
0.4399385786338844,1
0.5818906324497624,1
0.5323292677695184,1
0.4059280757065865,1
0.4141805328566035,1
0.46518267379859135,1
0.4209954968280694,1
0.46092487032994645,1
0.39211633045983146,1
0.4468371171460625,1
0.4613683988601088,1
0.4376115148135645,1
0.41930936798636526,1
0.4158235195947668,1
0.36766698164357237,1
0.42336013998896077,1
0.4548105209982552,1
0.41115604408866296,1
0.4368112567362795,1
0.4466298107696171,1
0.40857727431109064,1
0.33357977436763886,1
0.38179079349712974,1
0.41030633725232707,1
0.4504575970136835,1
0.3989461974757139,1
0.562394786555868,1
0.49080133155067407,1
0.3655626098875173,1
0.4168967354808168,1
0.39022090707473805,1
0.38598562616996096,1
0.4076086175324466,1
0.534295112053954,1
0.3435618450383337,1
0.3910300093597121,1
0.3095023745074918,0
0.3796918444130914,0
0.37519649252420995,0
0.43181245788388134,0
0.3802614795506435,0
0.3828921610024533,0
0.36942314491195066,0
0.37872412921703513,0
0.37770931487242715,0
0.3742243314365143,0
0.38993564799404196,0
0.4345442795180369,0
0.36027055819310744,0
0.36393757176105984,0
0.4233810802731644,0
0.3968326321487222,0
0.3529181433167943,0
0.3661388458090693,0
0.39810552882830796,0
0.4795808664241819,0
0.45299661417760584,0
0.3852285603316888,0
0.37377934120919726,0
0.3868926061368955,0
0.3731720957090992,0
0.3935555947806766,0
0.39980306362139034,0
0.40790607598241857,0
0.3722387533968114,0
0.42964665758501647,0
0.4605715726907167,0
0.445126498710532,0
0.4409780925850528,0
0.41383719353879916,0
0.40833329495599896,0
0.434941493787599,0
0.3933153313519394,0
0.41588166274184546,0
0.4637870415936715,0
0.3705124014848979,0
0.4289105748343735,0
0.3061246992741978,0
0.36162533627150295,0
0.3734623471706107,0
0.40028989766822104,0
0.41634189459487314,0
0.33402430245376535,0
0.3819171127582728,0
0.3652940602872495,0
0.3925813463240342,0
0.41578411342559046,0
0.37914814106884265,0
0.36946856239529224,0
0.4662796817990149,0
0.41787787938443516,0
0.43315402237118283,0
0.44313288862966527,0
0.37276008446566966,0
0.40792708430242686,0
0.38765225845938295,0
0.38413985958459873,0
0.39671177400626484,0
0.407025190400451,0
0.3693873256260444,0
0.38303525891449547,0
0.38542782566431516,0
0.37417586423224314,0
0.37257848509033525,0
0.4246769047559296,0
0.34323534405014894,0
0.3510624507734417,0
0.43986080903854274,0
0.4491733619599068,0
0.4052678638361814,0
0.4189608788485515,0
0.5120229812912314,0
0.4877844846205853,0
0.41389690201058804,0
0.447278819224124,0
0.36315562837244997,0
0.36149204811881125,0
0.40903681162548783,0
0.3430344744303308,0
0.3682539945127183,0
0.4030576110656643,0
0.4261716701476888,0
0.4284297572398748,0
0.43864463062248193,0
0.4806518710590822,0
0.4268672610622452,0
0.4457726941710053,0
0.44553776556409835,0
0.45750964491403484,0
0.35705848290986164,0
0.34441758778994647,0
0.39313240875188943,0
0.4156265678154179,0
0.3946379877042473,0
0.4037927135156383,0
0.401538475021024,0
0.4346917549677154,0
0.5093838721079489,0
0.36790249009079146,0
0.4382239991726632,0
0.3490947011705003,0
0.35509321095910296,0
0.3303936634860261,0
0.40884417781251026,0
0.42564891952407063,0
0.39363397498015473,0
0.42639953189787033,0
0.3783707023276298,0
0.3746165224218589,0
0.2973989776921326,0
0.4305816132896108,0
0.3649691990396561,0
0.400682408854535,0
0.3809537334640396,0
0.4541333653392139,0
0.4011141454985648,0
0.3894200879441308,0
0.47108760109529646,0
0.460345790220905,0
0.37071061598820754,0
0.4154725990977193,0
0.40877746951438937,0
0.44963094888938715,0
0.3556180191579898,0
0.37166608589276384,0
0.41323070310472104,0
0.33792418791954354,0
0.4217355609507622,0
0.41729134550662467,0
0.33421874332575746,0
0.42387491981292147,0
0.42149558112793656,0
0.3798752638574174,0
0.4238663980532756,0
0.41508006786055707,0
0.41442653527880324,0
0.364912377139587,0
0.383832814913919,0
0.3582304788205211,0
0.35517690619517756,0
0.37778706256619443,0
0.39813660133948486,0
0.365761477919853,0
0.4933734675141448,0
0.33795317938913433,0
0.4117263202113107,0
0.37947435716733213,0
0.49601159394317795,0
0.4594399727944231,0
0.45609512681246567,0
0.39746744295995035,0
0.40606945414267687,0
0.3726972530291237,0
0.43374760693176706,0
0.36208600489038334,0
0.39184346557790894,0
0.43443648727850787,0
0.2993556788187975,0
0.4191606624820584,0
0.3780191640889219,0
0.37836584089704006,0
0.3777423945113383,0
0.31576086719092367,0
0.45675972113980856,0
0.3668581498329636,0
0.39386122618449326,0
0.35312516426984014,0
0.34579938177725267,0
0.4393277919838633,0
0.34862866155270883,0
0.3757277750911488,0
0.3892406705591708,0
0.4148596752050687,0
0.3681052670437752,0
0.42798211487960763,0
0.4358500371500125,0
0.43065733226859987,0
0.402926086026724,0
0.35063667725672165,0
0.3439520980335518,0
0.40264487296190304,0
0.4201147333696289,0
0.33259265697020274,0
0.3734593685710664,0
0.4078613511727413,0
0.430532495016831,0
0.34805687248892897,0
0.3646757070882209,0
0.4449434838765921,0
0.4396194991990679,0
0.3437924179297843,0
0.45254760144605866,0
0.3895169846822389,0
0.4030509427894213,0
0.3819408687622079,0
0.42387535314663677,0
0.3813100810735648,0
0.41924583582692737,0
0.3782547885954579,0
0.4510017943419054,0
0.37607422022146986,0
0.43848328134243986,0
0.39333836582206966,0
0.376053775147734,0
0.4082780306921751,0
0.427068991547086,0
0.37857221064555163,0
0.5171849744502752,0
0.42756081521211803,0
0.36084060000805546,0
0.44916560822954976,0
0.5388222386706495,0
0.3489930564647063,0
0.38367869117678255,0
0.4552102635803464,0
0.37722364488639504,0
0.3873481994029951,0
0.45670773718801966,0
0.4046187291404829,0
0.39211551505130915,0
0.42125875815916286,0
0.5705170425995083,0
0.3887486118059123,0
0.3752625665217593,0
0.37115823210733,0
0.3547333407340811,0
0.37589847853852815,0
0.4013085076538023,0
0.39613076126381247,0
0.40965945406019744,0
0.40171605493915236,0
0.41501055142587995,0
0.3765426346454445,0
0.5538332621376717,0
0.36495203547038235,0
0.4232079302426896,0
0.3432852982720753,0
0.4818851529410686,0
0.48776327079154486,0
0.39852681603680395,0
0.38507262297218386,0
0.44198957238962006,0
0.4313060103873948,0
0.452172623287851,0
0.5350861495074087,0
0.4274634896252423,0
0.32499870118414126,1
0.4405902610195328,1
0.518445640740912,1
0.4241657895771463,1
0.44305809043775474,1
0.45092556406548734,1
0.46960967623505234,1
0.6533473678986995,1
0.3144033145429399,1
0.4134336496769562,1
0.508366687312658,1
0.43198868218226594,1
0.4259097166506299,1
0.34174166051909594,1
0.3543486507826437,1
0.3265939755166919,1
0.38850990104675986,1
0.41201994786605917,1
0.37653575430973446,1
0.37744718059791676,1
0.47857954008692893,1
0.3610531607427723,1
0.4437537591721119,1
0.3769788800758084,1
0.37320057844178567,1
0.44294824922436815,1
0.43570308973607735,1
0.39312991071032166,1
0.511053965231623,1
0.5029684751743955,1
0.4442622563368264,1
0.4730360237119151,1
0.40746268166483857,1
0.3885720297003006,1
0.36277331932723156,1
0.36946015711010943,1
0.5239014798310871,1
0.4419133661491058,1
0.4777450642671117,1
0.35229524474996415,1
0.36418308085079615,1
0.4556359000854034,1
0.45364624042697216,1
0.3746148137792557,1
0.42162843004079925,1
0.3911052696408786,1
0.3210993489919674,1
0.44254853023614305,1
0.3423370629550603,1
0.4153116595581403,1
0.44075446847904115,1
0.4614147191830015,1
0.4101289617682851,1
0.6338385306365675,1
0.41271629986056807,1
0.40447754524277857,1
0.3856283788505353,1
0.4816281971962712,1
0.3355346608255596,1
0.3730767820230156,1
0.44903613388850405,1
0.40259677017516154,1
0.40949482889927175,1
0.3838792797913399,1
0.35881036374399683,1
0.42891137135805596,1
0.5126284424517551,1
0.5271910904416286,1
0.4163563546368219,1
0.3809363832842974,1
0.36164177727656716,1
0.43414504411129057,1
0.39819598991443494,1
0.5039449054394342,1
0.4314590430956041,1
0.3644858653438527,1
0.40977995257774086,1
0.40167452942797516,1
0.3903286172243505,1
0.397945717839184,1
0.3578044014458682,1
0.40422933487499163,1
0.34602758264442696,1
0.35160394705331155,1
0.39370114760127534,1
0.44417291764215483,1
0.5239841825873033,1
0.4441798819939755,1
0.40529808066789536,1
0.42277114800699717,1
0.40312650924768,1
0.5885374514112268,1
0.45610247975426904,1
0.4259018486781641,1
0.4600898272179694,1
0.3837224588753203,1
0.414989928348372,1
0.43512767709499606,1
0.3839100277874043,1
0.41576403318928024,1
0.35502108470398797,1
0.4595285304532131,1
0.45124035294478027,1
0.413847918595176,1
0.44563525625988315,1
0.48092109976217595,1
0.4067380793826924,1
0.39283764929152715,1
0.4396324799504006,1
0.41591727996133426,1
0.3394789340008744,1
0.46142482575268157,1
0.44534829195633746,1
0.3636830941070077,1
0.41652771316487724,1
0.39806409597782116,1
0.7749577808289243,1
0.39521666108230946,1
0.40815840394687625,1
0.5757249587087341,1
0.34971884078057486,1
0.44938169664535965,1
0.4803306766495079,1
0.46625684934551487,1
0.4199024525426351,1
0.36594055799548336,1
0.5289367318431134,1
0.49577711442207106,1
0.3897120884696311,1
0.34919019672227863,1
0.46499697641702353,1
0.3676540043185661,1
0.44522426899798606,1
0.35613001780870623,1
0.30059600922953483,1
0.3957944551052965,1
0.47152748330157157,1
0.38975521791609924,1
0.44024339448387895,1
0.5474911150460385,1
0.3893018225005893,1
0.4193939452336057,1
0.38608352803815,1
0.42303705594816676,1
0.4018559286891912,1
0.4460239810754451,1
0.3849870213073146,1
0.4232067999308107,1
0.39995592869054963,1
0.44538996014599547,1
0.3779397897978017,1
0.4007264992662518,1
0.398102036404809,1
0.34365131522901,1
0.34132539575596355,1
0.4064351789421725,1
0.4015221952112615,1
0.443970105646137,1
0.35323909534109793,1
0.38071281318421063,1
0.39882777935351593,0
0.4668801062931623,0
0.38276043242384067,0
0.4715996889359182,0
0.38627688942328375,0
0.4082515682939281,0
0.42070142268218624,0
0.38030792177875183,0
0.3781992992751393,0
0.3585732679380146,0
0.38815679971779704,0
0.38060276492368755,0
0.3061294758684328,0
0.4346539001890912,0
0.44559057232267013,0
0.38747544129995587,0
0.39805230510279455,0
0.4709090229960106,0
0.4258469079346734,0
0.4195790021981623,0
0.4106312266502787,0
0.46348531119825975,0
0.41008167737627577,0
0.4435010207518756,0
0.40388287999237904,0
0.3888464612866297,0
0.4165172946236366,0
0.4007791909372139,0
0.36389124773831316,0
0.39460018226648347,0
0.3801926042089531,0
0.36199892037617687,0
0.34844045188318956,0
0.37971515354229973,0
0.38148123833844344,0
0.39764731775321904,0
0.5366862386862155,0
0.43866058601543,0
0.3596528620928037,0
0.40234264709454787,0
0.3756436172332268,0
0.4314479034364948,0
0.40782668754414225,0
0.3831010159640184,0
0.3531086185925047,0
0.36674309695029356,0
0.3637594223383237,0
0.46595440752707945,0
0.36109066083022995,0
0.3792803218768651,0
0.3621591792235087,0
0.39049045971174157,0
0.42351641510909144,0
0.35625788799321884,0
0.3982465289415185,0
0.3810255687421585,0
0.4179231744101228,0
0.44601094795881474,0
0.4354137725094184,0
0.3795922399776835,0
0.45583480903333057,0
0.3774601669013106,0
0.5019651424760022,0
0.4091789951581496,0
0.35010147159193594,0
0.3942802121090306,0
0.4784665885945495,0
0.43551676416553703,0
0.3626800801111379,0
0.3768320382293295,0
0.33728022263547613,0
0.45638691138319526,0
0.4812966591088785,0
0.5040028759333383,0
0.38827504224865916,0
0.44741826756655173,0
0.417869471312407,0
0.4570256770346,0
0.39056884346015036,0
0.36440835622189166,0
0.38775927317162956,0
0.3021503138250095,0
0.39817634185100653,0
0.3873534959744393,0
0.4454348387353715,0
0.4091069142117527,0
0.4239943286513027,0
0.4057267928019385,0
0.4867484466099474,0
0.4271958800071869,0
0.42008747396273144,0
0.5978105221362529,0
0.4270058955809454,0
0.4107526323051256,0
0.37653417069327505,0
0.42020974619473367,0
0.4189429696710156,0
0.40506684141031213,0
0.35416874326454834,0
0.4563090869751948,0
0.3736900960655758,0
0.43900923766609107,0
0.47248648645671887,0
0.5366569403134236,0
0.3469423072566191,0
0.42757926474828867,0
0.40322052548387033,0
0.4160928074269553,0
0.39244851448677104,0
0.4448103271637032,0
0.37519241933895114,0
0.4978253348433659,0
0.4084550301731988,0
0.6939686948033413,0
0.42230933346929045,0
0.39155847892211837,0
0.3793493301604589,0
0.2842733508298477,0
0.40262467812477487,0
0.3993596010309639,0
0.4334063109195517,0
0.38819181805121744,0
0.3537207648080627,0
0.4140846316513813,0
0.3408158761886554,0
0.4127325783493508,0
0.4309952992961776,0
0.40918554519909467,0
0.3699526260888296,0
0.3205279557235517,0
0.4506668691578245,0
0.5776835609844927,0
0.3703617940039409,0
0.3634617245455556,0
0.39419523077843743,0
0.4314941115597019,0
0.5143675668474617,0
0.40823636450480255,0
0.46846069371949667,0
0.32212291208156946,0
0.4033625755223234,0
0.35524212863079996,0
0.35960100488555763,0
0.39893782820863616,0
0.3262711324702398,0
0.2679941358593449,0
0.39783967891415734,0
0.42948961783565454,0
0.2978979968687438,0
0.4093794111068104,0
0.3495049150289713,0
0.40584640992438925,0
0.35206631672359573,0
0.38238845358466744,0
0.47074082483072593,0
0.35519599281126246,0
0.28645395300822124,0
0.40865013184920546,0
0.40840054250420305,0
0.4281047437202546,0
0.45804472695724735,0
0.41849113779386915,0
0.42023292831189046,0
0.41405637367953024,0
0.42487609894126166,0
0.45460512726965885,0
0.3712197326042102,0
0.3923931297278646,0
0.3998133258287248,0
0.4961241244108965,0
0.41552232206967715,0
0.4108559605989069,0
0.3923570037550675,0
0.41526869108619063,0
0.2641587449450495,0
0.4767245291698216,0
0.42784168104421594,0
0.369630804125661,0
0.42121073164462997,0
0.3468832228920572,0
0.39142104606001105,0
0.4298751016254379,0
0.5498776639891011,0
0.35749910571702104,0
0.44519297413370196,0
0.3761224832551257,0
0.4041906578293043,0
0.3813857434521648,0
0.3933147282826498,0
0.42004878995677747,0
0.4147258679767793,0
0.4444685043304352,0
0.3759833240871733,0
0.38497953894032244,0
0.3770412170641871,0
0.4192878978340874,0
0.39143779664155054,0
0.3313960397798107,0
0.4000146957167737,0
0.435502371777855,0
0.3592548204279708,0
0.3687505464676441,0
0.3683505950137349,0
0.37283343825773957,0
0.42086726953672343,0
0.3526421634316651,0
0.4456066297886442,0
0.4046885299836388,0
0.41827599332464943,0
0.3972185374855032,0
0.38921136124286654,0
0.3865455560689184,0
0.3991957113258221,0
0.3451313524030194,0
0.4127911452185726,0
0.46205287446836313,0
0.36325331122358473,0
0.42744681121366923,0
0.4665717930371078,0
0.3490777410972293,0
0.3953999619759262,0
0.41478824576635304,0
0.37965064884226035,0
0.36746261477425834,0
0.31740441975538236,0
0.36623242211451235,0
0.4562737467684438,0
0.3874068143496134,0
0.4349622148392402,0
0.33335629626812385,0
0.4092612104427171,0
0.3698404366111712,0
0.4747713827682365,0
0.378033476449132,0
0.45846427304146303,0
0.38003928139354304,0
0.41041123365634447,0
0.42513852202646907,0
0.3732216029660586,0
0.4651973619429549,0
0.33851643011309945,0
0.46158827967961424,0
0.39375465542439686,0
0.38708892152355606,0
0.4031336565915582,0
0.41789106743709653,0
0.3495384685769281,0
0.4112673108110654,0
0.4368384468555621,0
0.3716410377803271,0
0.42446837811080446,1
0.37496657102968756,1
0.4215300888333913,1
0.4576680206006785,1
0.4114128827281447,1
0.4264227694177182,1
0.34359980471666374,1
0.5395534795334601,1
0.3756410743928897,1
0.4192579654756397,1
0.6116455485177901,1
0.5103128468602709,1
0.45176261654946587,1
0.3817005372435044,1
0.4217932043110515,1
0.4454775812062276,1
0.4813467025975321,1
0.4230452100086116,1
0.39295603463666157,1
0.45926514513555156,1
0.4119932587850914,1
0.28291136685222545,1
0.5881349950700606,1
0.42024675501411807,1
0.3638048541659201,1
0.4082507600808971,1
0.4626312567195873,1
0.4158712028685731,1
0.36967251766555576,1
0.36824204498371566,1
0.4338302633520359,1
0.3809949976911375,1
0.43302532975393826,1
0.35288929621271725,1
0.4393265628869792,1
0.4284843938621783,1
0.4244337730058884,1
0.43184155473986163,1
0.4833964763901683,1
0.4552591333793952,1
0.4104995260850058,1
0.36323528535151256,1
0.4178787960853048,1
0.5042225031703591,1
0.4272179821100713,1
0.46155182347849044,1
0.3987621569021408,1
0.5943199839660741,1
0.33691498921606716,1
0.4421434289745387,1
0.3989864734988012,1
0.4262326442189662,1
0.40033515032544387,1
0.4572392800646016,1
0.3766569476291303,1
0.47465321737455485,1
0.48117415223325505,1
0.4733664410358074,1
0.5525101671026191,1
0.3889307852488061,1
0.44228542548825495,1
0.35762510546766313,1
0.4505672026621912,1
0.38301363990571613,1
0.37771292936251954,1
0.4273538899084885,1
0.4152638154890491,1
0.4174425963399546,1
0.43370297177235456,1
0.37845481545661036,1
0.35073632920517245,1
0.4100413688039014,1
0.37035345712245815,1
0.39330630554523516,1
0.6956251681838896,1
0.409772627902669,1
0.48192016048504044,1
0.45062214799444733,1
0.44574107726765855,1
0.3846565920293492,1
0.40234279501333803,1
0.3958678497296967,1
0.3418292475163005,1
0.3881447320629666,1
0.4490812143099999,1
0.4630342912029236,1
0.41590431483735824,1
0.36204860481970613,1
0.36600349661762205,1
0.37651713519848407,1
0.34303509069026616,1
0.5025212075283009,1
0.44741746475533184,1
0.4124600303835798,1
0.3991724493493632,1
0.4490233536225455,1
0.40435222590376146,1
0.38617224189242616,1
0.41712940037267343,1
0.5023887545914484,1
0.29333199410211347,1
0.41350633270907206,1
0.4229084410290216,1
0.46836978082265207,1
0.3962658716732331,1
0.40689484628901335,1
0.392085419497495,1
0.39094375991208985,1
0.3889486209738149,1
0.35368829014458936,1
0.47635267298204953,1
0.3795667934978586,1
0.38576033698240103,1
0.5135904681459461,1
0.36588246937610336,1
0.3810206806547383,1
0.4423893905600287,1
0.3847718427830541,1
0.4147747320749319,1
0.5875078297902041,1
0.4458138243150711,1
0.4223423581227537,1
0.4228991695782683,1
0.3615696280077332,1
0.40851358958406253,1
0.5745553062816174,1
0.4216775036108935,1
0.5059392273234625,1
0.39073811549719417,1
0.41858001262514144,1
0.41272119051131295,1
0.3472725227398051,1
0.3852776483571048,1
0.5008271635543453,1
0.392531010210789,1
0.3746673569484565,1
0.34134992602890835,1
0.3902217812700221,1
0.4038949763267472,1
0.43915842166036256,1
0.30436921072045253,1
0.37194603261415254,1
0.40999879884689,1
0.48250784613554015,1
0.45750405747142486,1
0.5570971715665225,1
0.4030599813564822,1
0.2950558370478083,1
0.426710290400683,1
0.4435014054824993,1
0.4437006348310414,1
0.4585828636295292,1
0.4835479489445787,1
0.3927934769337836,1
0.5003231754479814,1
0.41266600847976176,1
0.37619493817494287,1
0.38534530876006373,1
0.4179707781233189,1
0.33427061429004573,1
0.4153539732454463,0
0.3625337552888024,0
0.4288189045973824,0
0.44078553442056434,0
0.3978367838603018,0
0.4833823855815002,0
0.44940674828526805,0
0.42956275784726516,0
0.39691044450463303,0
0.47444594916282906,0
0.5212306438171372,0
0.4339855708501313,0
0.3958326468164182,0
0.3838889866488063,0
0.48715129875009283,0
0.35253257045524256,0
0.544496645105992,0
0.400885116167851,0
0.4758071840104832,0
0.3986504874117053,0
0.443768700386733,0
0.41545644398028203,0
0.5039500805910058,0
0.5026957726236988,0
0.43035854591098394,0
0.3878290063130874,0
0.33672831519930774,0
0.371667499536591,0
0.37860319252116276,0
0.5074548769764283,0
0.4687086299787958,0
0.4362635439017199,0
0.3453394169051861,0
0.39869396228426807,0
0.38868159938271063,0
0.33201113616222044,0
0.4451224452357235,0
0.4259374960331139,0
0.3711714516120662,0
0.3697584448649927,0
0.382936586953678,0
0.3064645133944353,0
0.49075323282395844,0
0.37487372675616576,0
0.4569383492602852,0
0.41688639486633067,0
0.41614844369442405,0
0.3433947265894874,0
0.41491673065929197,0
0.48482516417380744,0
0.3807683866769403,0
0.42872991095482804,0
0.3661529617717787,0
0.3517326312982231,0
0.3453742388598513,0
0.32157260275586724,0
0.3836044716440858,0
0.4545903764145623,0
0.4008712946028233,0
0.449285594161345,0
0.39115731858556735,0
0.41230948879368706,0
0.47134359831199735,0
0.45994860438633695,0
0.38452695444827545,0
0.45480255502725775,0
0.3776790278940705,0
0.4138819500593962,0
0.47663444469600014,0
0.44359773742141456,0
0.39443522690820637,0
0.40967145307569724,0
0.39116324134382746,0
0.4619140021451923,0
0.4353660636645783,0
0.39965684616450475,0
0.4105161835007684,0
0.4706935665201705,0
0.397552783917273,0
0.4848779173630405,0
0.4391945002637185,0
0.4177158638746602,0
0.3846068583377798,0
0.41116322299645547,0
0.45282596964919963,0
0.38124715512596147,0
0.4005010433239568,0
0.40311387884707467,0
0.41245145476393014,0
0.44167565095997025,0
0.43860388918472243,0
0.35368937824367613,0
0.42159055856339267,0
0.3117700139431824,0
0.4485086520452751,0
0.3861544405502234,0
0.4444659150248495,0
0.2789206325746424,0
0.3967307487519022,0
0.4043098599501584,0
0.3661406294454432,0
0.5113726406177933,0
0.3663797244497047,0
0.45432265764393,0
0.41113549821692136,0
0.45239037550040534,0
0.442528048712765,0
0.46177159675513724,0
0.4124661507192327,0
0.3585910907296605,0
0.41290687200233733,0
0.4037471645401698,0
0.3878158556309866,0
0.3852006849537833,0
0.34482895066237923,0
0.46344085912821503,0
0.37138912461282736,0
0.37669495190820523,0
0.42136600023832216,0
0.4173853555831015,0
0.428027211620217,0
0.3957933882310611,0
0.3917762924521706,0
0.526152871483831,0
0.39488264313024435,0
0.4525359464040082,0
0.5048120231942658,0
0.4376416359353086,0
0.49710835706871354,0
0.4056367633867838,0
0.4174515154603359,0
0.43069710339305967,0
0.47819087073640987,0
0.4020258404413962,0
0.40492192157176865,0
0.3888797807678561,0
0.4279242423198414,0
0.4516888099359546,0
0.4214653182252402,0
0.4529819671309156,0
0.3801517445089623,0
0.5023757822474059,0
0.5007131571592545,0
0.4340850491734204,0
0.49191836822951696,0
0.4485022388128678,0
0.3932778377122611,0
0.4896955780605774,0
0.3805382922103163,0
0.38837841856216304,0
0.4734943638821885,0
0.4085752786594455,0
0.4089707627603207,0
0.3781939330131292,0
0.41382508667132395,0
0.3985075704359597,0
0.4945281060591203,0
0.3867358105480627,0
0.5220883086529049,0
0.4006520154461878,0
0.37345464387401334,0
0.3839689069770792,0
0.4573957751458727,0
0.31666831347652147,0
0.42642037918967113,0
0.4168330684870159,0
0.36198865740545805,0
0.39738095839253806,0
0.43975328440226075,0
0.3063496777578744,0
0.3439626032873151,0
0.40975590199933315,0
0.39586777159616965,0
0.44966524444801353,0
0.40552082096231756,0
0.5163611653819333,0
0.3613375838428934,0
0.4777046447282509,0
0.4048441740376035,0
0.41975974335892186,0
0.3849161770631585,0
0.39542346780746607,0
0.4091980931174673,0
0.3329395108433913,0
0.4464649760950623,0
0.4543108671802749,0
0.48289910812284004,0
0.39160858020247136,0
0.4361497934124209,0
0.44011906621629815,0
0.43714349585979734,0
0.4410784989843167,0
0.33104282990836803,0
0.4161560307161751,0
0.44763750715966083,0
0.3331257115034921,0
0.575435397936705,0
0.3989850443055098,0
0.3706690468687395,0
0.48156590175368175,0
0.4371059311632812,0
0.41622963188461065,0
0.43706125990720046,0
0.42578247838285616,0
0.3894103822930673,0
0.38559502256915207,0
0.43183150620636823,0
0.3868569854588958,0
0.4696624777141756,0
0.4099639049107062,0
0.5002292900476435,0
0.37691380350018816,0
0.43315904374706693,0
0.42386407544179566,0
0.426990976924574,0
0.29963578931876134,0
0.38590851441472324,0
0.38141238019024193,0
0.5684705250641522,0
0.408323844505236,0
0.5420317300263273,0
0.41964306048144917,0
0.4318959519812851,0
0.42914846087741476,0
0.5203214191586778,0
0.40296608656583105,0
0.40602571369507884,0
0.3634257286274725,0
0.4728927031535505,0
0.49473379962124403,0
0.3629203769524299,0
0.34729883097757963,0
0.4788832336428889,0
0.44334405577770414,0
0.42388436133106283,0
0.40101110893250813,0
0.41283163926854294,0
0.3806638782284396,0
0.42172375374346766,0
0.4603721865545739,0
0.38111925445711975,0
0.4250243525891714,0
0.37872185350034493,0
0.4332178201509279,0
0.4288623835546861,0
0.3956892600895821,0
0.4809991352464932,0
0.4409734257154448,0
0.3624422550718509,0
0.3780164412952516,0
0.3998270779448427,1
0.3744070612392921,1
0.7022639852887963,1
0.46754657128347216,1
0.3612280274322565,1
0.4677072454947163,1
0.39907060319225773,1
0.4233664064940333,1
0.39843393461556265,1
0.5141352221882105,1
0.3554108906321599,1
0.39583561631137476,1
0.3468631411148759,1
0.37780218550297284,1
0.41845673663997235,1
0.40076657023822126,1
0.416996018533161,1
0.40880531613179183,1
0.5461361085457483,1
0.34885456539952253,1
0.35994474680187444,1
0.33985764960511045,1
0.45389843476303804,1
0.45226062237431097,1
0.4115651478467298,1
0.3610686667282092,1
0.45682811016753616,1
0.42987616623795954,1
0.4103409331475938,1
0.41484477315929086,1
0.332993168718038,1
0.4272891002767064,1
0.360445178272404,1
0.38967556965149647,1
0.331552238549748,1
0.3899026343351429,1
0.5415992570399837,1
0.4479267989097374,1
0.43269090658887893,1
0.41026964688090906,1
0.44513477222575876,1
0.3467458342619649,1
0.3880162035832829,1
0.39596792733314706,1
0.369980851372617,1
0.5100300111932365,1
0.3889845765756638,1
0.42876974431438425,1
0.374132343343507,1
0.30547899341819373,1
0.4440259414929115,1
0.3784202059192091,1
0.40123551811931396,1
0.36523527996504795,1
0.2522813467505708,1
0.5284722146758629,1
0.35252514613243835,1
0.4028825743391355,1
0.3596073692784178,1
0.4105903777156389,1
0.387445583596159,1
0.44490969231251143,1
0.41133193552712305,1
0.3570942645988486,1
0.37068249137215503,1
0.5171144830875032,1
0.4259648231003562,1
0.36984772287599105,1
0.420556067941499,1
0.4137553305670993,1
0.37505224714785373,1
0.4558064994152447,1
0.37220191485706117,1
0.3855578078026391,1
0.4736455480483725,1
0.40624216014577996,1
0.43993296090181344,1
0.4053260068893172,1
0.3673208699953716,1
0.3720317943410605,1
0.3462082722423411,1
0.48481906470609637,1
0.3974067109580835,1
0.408811476436226,1
0.37636560468814656,1
0.4309060065289847,1
0.3682937812940464,1
0.3029587400588893,1
0.398034035911884,1
0.4275175971023325,1
0.5332412709715094,1
0.43796970590253004,1
0.42378003518884655,1
0.38187770610401833,1
0.568512625515848,1
0.44496621060298014,1
0.3299739942091982,1
0.440808643690062,1
0.38433783876708705,1
0.42913241159938265,1
0.4105719622922916,1
0.4001854242673841,1
0.4244214823056488,1
0.40858750059995796,1
0.41766845996859403,1
0.3405278179727031,1
0.32595852835273076,1
0.4030376389106528,1
0.39177547168216464,1
0.38884670095474777,1
0.39918890004274554,1
0.4517139139763601,1
0.4135660666551283,1
0.3634409571835587,1
0.4180552309876712,1
0.4527631109258254,1
0.3631333087917394,1
0.36782618148354346,1
0.4057130944184656,1
0.3353404808919565,1
0.4753413851746558,1
0.37890402170829646,1
0.5281336400534907,1
0.5001366643956139,1
0.46171766061804415,1
0.3827311178344491,1
0.32634699796426886,1
0.5097970865376926,1
0.37672067963597944,1
0.43018604918917697,1
0.362989230286292,1
0.34699641994223546,1
0.3666099739627877,1
0.40367243162897565,1
0.41741585772293077,1
0.3772171796107278,1
0.38555607836631794,1
0.3971186516815902,1
0.4015109337318454,1
0.41753981033954235,1
0.25824755136925565,1
0.3993647323873879,1
0.42688231521386494,1
0.34041525931438954,1
0.41243826717745175,1
0.429776296769782,1
0.487529662947335,1
0.32952152142019764,1
0.4115247888691511,1
0.42379392505922786,1
0.39314660798677153,1
0.394171713567523,1
0.4397314655485696,1
0.32090029569967904,1
0.4468644143648109,1
0.3482146923602877,1
0.3914564525559763,1
0.4135513507608358,1
0.4276254399950643,1
0.35493880383496523,1
0.4851052370759738,0
0.491028436107719,0
0.44743466290047634,0
0.47712259328280177,0
0.41680355225664106,0
0.4562716750610327,0
0.3886287027182684,0
0.37609669381668026,0
0.3821939005052065,0
0.4486527035135737,0
0.4008896091881216,0
0.4279904408165355,0
0.35115968783087875,0
0.33733906785989604,0
0.42352721769607965,0
0.41690001389260095,0
0.41248198099709715,0
0.3578380736035729,0
0.39007063291422583,0
0.4524166977546726,0
0.4344738591135105,0
0.36727373106490674,0
0.3549123192756872,0
0.4540620542300006,0
0.3900210603694686,0
0.46962572276343095,0
0.444799343795881,0
0.4315202093873157,0
0.43821466992808306,0
0.43453007955505424,0
0.4327791261829568,0
0.41927159801076397,0
0.5553064028419521,0
0.3566350972684429,0
0.5139558815568063,0
0.4004057757577786,0
0.39633529633260767,0
0.49553233463248947,0
0.38638689015207917,0
0.3566936459881488,0
0.4032151463140499,0
0.4765681278857128,0
0.4323575745569325,0
0.40154159009209395,0
0.40611926448913144,0
0.4305335969533335,0
0.579643462531474,0
0.42052018743083225,0
0.5223785415028926,0
0.515177185667985,0
0.3517418310006589,0
0.4360962724385824,0
0.5007343138584532,0
0.5411796839412055,0
0.4025082371444071,0
0.38502698034278376,0
0.3706780565677123,0
0.410339877398434,0
0.41819115687178304,0
0.413357646782363,0
0.44307999343845494,0
0.34530651870546936,0
0.4836545199614425,0
0.4371856073772521,0
0.4393661921607222,0
0.3742317709613175,0
0.3652911699792443,0
0.34630398653936356,0
0.47161712334732486,0
0.4755137375107019,0
0.48955299182843254,0
0.43318960879179885,0
0.3583552937158716,0
0.3792977445282213,0
0.40310442431956456,0
0.43599912167557875,0
0.3870689710985007,0
0.3951076994676805,0
0.4487168264754623,0
0.3465972934239282,0
0.36409207862375165,0
0.37188431191247706,0
0.4150258880531028,0
0.4749272796706757,0
0.38998703238827526,0
0.39101871922610953,0
0.45120185691239273,0
0.406724167475539,0
0.5823913758559531,0
0.39689157382613677,0
0.3948362306564677,0
0.47788957857377645,0
0.41303685270089074,0
0.36523585690150534,0
0.45667175089260725,0
0.30593137659488245,0
0.3979335757821625,0
0.39457159548463483,0
0.4295777727225432,0
0.4338212796850666,0
0.34007143800604267,0
0.4125403451406226,0
0.38692671457973477,0
0.4812480016331413,0
0.3772249304968981,0
0.5072042948216013,0
0.45656796907621644,0
0.4901063547652072,0
0.3686289791308125,0
0.41461201258711783,0
0.39118631427904244,0
0.4368682271171216,0
0.5038853706539523,0
0.4110140424911522,0
0.48231579350273446,0
0.4292933400130191,0
0.41384180706732804,0
0.4009908019002253,0
0.39546690279205676,0
0.43778554881243403,0
0.32145860200422,0
0.38988928445757526,0
0.3990487805042695,0
0.3710563410650704,0
0.40852367658209177,0
0.39761112802051046,0
0.4364206881021686,0
0.43885107932387674,0
0.41240517049658987,0
0.4297183512780265,0
0.45447097815890436,0
0.3761113156591363,0
0.429341280534603,0
0.43828839689736204,0
0.4775047482449034,0
0.39920785910832896,0
0.36939414593798353,0
0.3721322143487017,0
0.4400789595431338,0
0.5546859461501042,0
0.41981416533486493,0
0.50342508187089,0
0.4121155237517152,0
0.5216412709677334,0
0.36163048726386654,0
0.35844296278486315,0
0.40865600240581573,0
0.4668284206842591,0
0.36392994046652394,0
0.3192656530306526,0
0.47632569594522634,0
0.4511841787199182,0
0.42368651420165804,0
0.395603293678594,0
0.5388175323272824,0
0.37404136827102114,0
0.3955957898516471,0
0.4404879420961953,0
0.4015220661859721,0
0.396057874500568,0
0.5265763124035159,0
0.46674329677503884,0
0.2737751775804485,0
0.34794178901360406,0
0.34798549501326553,0
0.3143879547572391,0
0.4512043058759576,0
0.41052228067701846,0
0.40309920624932644,0
0.4033327557486566,0
0.395908357943853,0
0.3765059636623083,0
0.3227698880484644,0
0.36333250517724763,0
0.47455075640468364,0
0.3945247644849563,0
0.4039302617268159,0
0.39085566801039695,0
0.3643157148217389,0
0.3932685049836786,0
0.5993384469349999,0
0.42798776947727224,0
0.4496851911814459,0
0.43004349316740414,0
0.39633786938295834,0
0.3425204915956751,0
0.3760974006662996,0
0.35921212372161987,0
0.2819429387460572,0
0.4335295884835424,0
0.40702829252165923,0
0.42387199099260475,0
0.3754680996724289,0
0.3896763694627499,0
0.4180969602575417,0
0.4310651756074875,0
0.3841418005321162,0
0.39471501347743165,0
0.41057385048901796,0
0.47329717903045615,0
0.34418561539972664,0
0.43037654387025476,0
0.35435379680818413,0
0.3855270375273353,0
0.4140413102246021,0
0.5288916588033481,0
0.4250471188898203,0
0.38321810164752457,0
0.3344366187771903,0
0.4831845830058289,0
0.4799071954389712,0
0.4165604104257084,0
0.35374916778629417,0
0.46289812579190515,0
0.42555543495370646,0
0.440977925792335,0
0.38441764306834236,0
0.4296542305397513,0
0.37597612511365097,0
0.3722484865642556,0
0.4390769044327357,0
0.4033928511860525,0
0.3856964923591775,0
0.32477439284639864,0
0.39816356462262337,0
0.42661254617783795,0
0.39018932922530636,0
0.4905975268221236,0
0.4273189934016634,0
0.37914397501285463,0
0.4660355858887832,0
0.3802239771095807,0
0.47510445101285376,0
0.41093446356113106,0
0.4977446999789496,0
0.41612794882403237,0
0.40356655358851157,0
0.4285069388184114,0
0.39604150965716334,0
0.38918902977432,0
0.5796794345908204,0
0.3777968543981507,0
0.37845941186977683,0
0.4170288563164611,0
0.5097327314093463,0
0.4647375800442244,0
0.4978254814034376,0
0.30163056689245116,0
0.44246145976107937,0
0.39386599409825884,0
0.45746055487362053,1
0.43782391441502033,1
0.5462724602037294,1
0.41035320138522297,1
0.4676148524086501,1
0.5243108737022343,1
0.4666384603091926,1
0.5586691954244143,1
0.3964757616493547,1
0.39904978532519825,1
0.37253762225432,1
0.40993718215562486,1
0.45664968501937736,1
0.44412868928755367,1
0.443418294199212,1
0.4275566933422185,1
0.3981908343673424,1
0.3217045393520644,1
0.6973581423637975,1
0.37152864789976736,1
0.3490201162757437,1
0.3030649938062422,1
0.5230237446713141,1
0.41143205328315435,1
0.45628218286656347,1
0.39655870347762445,1
0.4012255508349583,1
0.3541241525611926,1
0.41698983031032394,1
0.3846892154976115,1
0.36944935856432637,1
0.3721594274857478,1
0.4205306182822575,1
0.4227557473605642,1
0.44422465510307985,1
0.46061132379664177,1
0.580977322297627,1
0.41287885430673116,1
0.35278665977208246,1
0.38226567634060654,1
0.37802790784824497,1
0.44800403848965437,1
0.3611899220199681,1
0.48129656935610354,1
0.4458372423058283,1
0.3989594122849458,1
0.46282059810661685,1
0.43813967331577836,1
0.4892471525394372,1
0.5091810840771579,1
0.5668931955206689,1
0.3001321736221455,1
0.31805297566528107,1
0.412173159788386,1
0.44481281499849135,1
0.4346320482923533,1
0.30236649203536337,1
0.3929404183901353,1
0.3919747527037714,1
0.3869245287369513,1
0.4505770199251151,1
0.3893595006192311,1
0.4663876887417277,1
0.42009143291654694,1
0.37834505347854247,1
0.3574358885559168,1
0.4224700696778631,1
0.37505737802812955,1
0.3842181490787496,1
0.49314334923252623,1
0.4179096100960186,1
0.372896450524388,1
0.5354941595157328,1
0.35137956361778566,1
0.434501503892369,1
0.4482545233373619,1
0.4428826636534307,1
0.4237757128284887,1
0.35336023199896355,1
0.419680607336747,1
0.3800641851268778,1
0.40240843563433243,1
0.3906928990894661,1
0.49053502234037233,1
0.45510366966860716,1
0.46294456932728245,1
0.40601161115633133,1
0.4852435716248768,1
0.4078687542599055,1
0.4484694935651248,1
0.40136812856129284,1
0.4536846353666891,1
0.43027035760183674,1
0.34923024110686124,1
0.3316830987833086,1
0.4660369865313446,1
0.4346914105394379,1
0.41236311391871083,1
0.5310642287879537,1
0.4214168283526064,1
0.4039016489940773,1
0.4926210622970888,1
0.41536725771434135,1
0.3946560601501356,1
0.43505617978323124,1
0.3419340973450561,1
0.44006583302023994,1
0.406128269650899,1
0.3642731851434255,1
0.37805605009958715,1
0.3723179233938494,1
0.4072107660754814,1
0.3955624200911769,1
0.4490274242816447,1
0.5634282807777496,1
0.41702747748014884,1
0.462005642797035,1
0.43959162350698733,1
0.445942693290996,1
0.36570017598472604,1
0.4724676273186517,1
0.42655250662151256,1
0.3979884679366057,1
0.37256231630020215,1
0.5716249897405336,1
0.39591998952870827,1
0.34557758298670443,1
0.41931632184998263,1
0.5069007075271781,1
0.3720501267459587,1
0.4322225994810645,1
0.47738221056670394,1
0.39543155973462485,1
0.3951627697229026,1
0.43080164250938563,1
0.34738135407034204,1
0.42636552827208657,1
0.44524626289805525,1
0.4078046292852058,1
0.42676241882560295,1
0.3839568828280448,1
0.3722540065272694,1
0.380906516999907,1
0.4119088798435727,1
0.4053595379532296,1
0.3832786853483164,1
0.5592577580138568,1
0.5288237122823485,1
0.4043716880458691,1
0.4415718781342647,1
0.43640283722080003,1
0.310248472936715,1
0.4992273316168932,1
0.48496031517780597,1
0.466468533145202,1
0.48862186356083503,1
0.40468964410770997,1
0.3934231207643542,1
0.43786170221613707,1
0.39683309495975094,1
0.3799176694143691,0
0.4139797180825769,0
0.3275042076768297,0
0.4568630589785692,0
0.36986456133722323,0
0.3695204771648475,0
0.39583444546475,0
0.4123406228250593,0
0.4154603487722353,0
0.3972764974892549,0
0.46698469452066765,0
0.34336361924366526,0
0.43688176608134505,0
0.489929841796908,0
0.4275642412057983,0
0.4229032785131271,0
0.4281185890105206,0
0.3875535236895625,0
0.5363853256781992,0
0.3824743997695045,0
0.4106044371231339,0
0.41771214242154464,0
0.42643735700786534,0
0.4695741984272729,0
0.38074276726857453,0
0.3973229302911455,0
0.46009629899298954,0
0.36501636587299013,0
0.42569725634555183,0
0.3661654174133619,0
0.4445851633752852,0
0.41682281245901215,0
0.36499614254715734,0
0.3498684497913119,0
0.41574771857988674,0
0.4281452061770786,0
0.39456984672733625,0
0.4859743359102519,0
0.3219390532045846,0
0.34836135576993116,0
0.3485191763077517,0
0.31887259849024674,0
0.34664550134283983,0
0.3264103335386409,0
0.4041876118072788,0
0.3917860827145083,0
0.45550330261015676,0
0.3592366543985965,0
0.36210498385872925,0
0.3931071755010068,0
0.3624412764962304,0
0.3952904148973354,0
0.33473266676607866,0
0.420508861564829,0
0.395161017413459,0
0.4922941227942749,0
0.42464902711999925,0
0.3564008463688828,0
0.40288055205007606,0
0.4180240841450251,0
0.4230260671216872,0
0.42316185743249957,0
0.3656646777103638,0
0.39891107513405616,0
0.36672380769225094,0
0.3677353583429129,0
0.44430282319743647,0
0.3444264224127297,0
0.3851329024585427,0
0.3987506172071047,0
0.3851982640166278,0
0.4374704519713848,0
0.411292689967042,0
0.3633678108340434,0
0.32184304098538646,0
0.38360611234442105,0
0.3516495043159244,0
0.4704037572810324,0
0.42115248640362263,0
0.45694693444274975,0
0.39280702745827406,0
0.37870982479952703,0
0.39981057184595303,0
0.4296996224015673,0
0.47946870010498827,0
0.38900490916223396,0
0.4988363164409529,0
0.4295580477723112,0
0.42034113920663674,0
0.3703269800660781,0
0.39022746832225214,0
0.3816078388469947,0
0.36278135263536176,0
0.3525352257011026,0
0.3951724070478736,0
0.5401994424221949,0
0.39215963696439554,0
0.41043893957747063,0
0.3623039230307612,0
0.3943113355179182,0
0.39660902353608013,0
0.41215423871010226,0
0.4059633989926886,0
0.35172539159579064,0
0.38220426926058687,0
0.5220449791687817,0
0.38849042032091236,0
0.3179426976560847,0
0.4063459513250206,0
0.4377761929003796,0
0.428444113604667,0
0.4345111811355189,0
0.3907334387459551,0
0.4168089522903506,0
0.42482607876333084,0
0.38536733793656297,0
0.31769765560333324,0
0.37517616258732683,0
0.42619039533169123,0
0.37740505662671614,0
0.38975112294486985,0
0.3882858924025413,0
0.43663879693895297,0
0.35210660117734066,0
0.38569980355937566,0
0.4576163989460963,0
0.4768359382433166,0
0.3883763640744331,0
0.4772417593511521,0
0.4453612529972034,0
0.4908551096098376,0
0.31317583060128085,0
0.37648679009918284,0
0.415427197121891,0
0.4155991736890111,0
0.4420291579692497,0
0.4000117386301761,0
0.3689115982523469,0
0.4314504980692112,0
0.44256754653800495,0
0.4078683934042616,0
0.41998201875084185,0
0.5980907202907063,0
0.38201169735777996,0
0.3589996018261931,0
0.3973163108929407,0
0.48343555428521723,0
0.44210313315571903,0
0.3983399018938548,0
0.5202498158481215,0
0.4045096323950904,0
0.4299249151733372,0
0.44200875168398635,0
0.5067074841230425,0
0.4218004940469711,0
0.4661749850171127,0
0.4152263658219456,0
0.3896148411856276,0
0.40170535892447057,0
0.40875926846775124,0
0.3849423326009716,0
0.3781187434028643,0
0.41763123925642115,0
0.3688526715511308,0
0.40824281009369917,0
0.41026367726875085,0
0.3788752467129023,0
0.42380137632748055,0
0.4392313128886091,0
0.37357939792808137,0
0.2853308344338822,0
0.48804267139439533,0
0.47737204115884824,0
0.36550616897256305,0
0.3901357975689274,0
0.4603069142788672,0
0.5327411431883939,0
0.3923836135977208,0
0.3835543930555469,0
0.37487392025081767,0
0.4148915462290432,0
0.4287565001891136,0
0.3848001271676257,0
0.462165130298792,0
0.37003796406790146,0
0.35702868739306465,0
0.4788836044560371,0
0.4666156754007152,0
0.4827315810897361,0
0.36111948337115185,0
0.3906059792872816,0
0.3414303369445706,0
0.39645212144675235,0
0.40085434156559496,0
0.3519146577906002,0
0.5296883458603137,0
0.4249255807716245,0
0.4307936428195187,0
0.3918710293751751,0
0.3966457830681008,0
0.4314290597617226,0
0.39035443735913244,0
0.33619583614696674,0
0.474591886734986,0
0.35074630100885645,0
0.39618365716052306,0
0.4210748277220195,0
0.40227845472516166,0
0.4454107814349317,0
0.4028437932768355,0
0.5014948120824535,0
0.44527571216648715,0
0.43320498230147486,0
0.4069317321046157,0
0.5193042483364663,0
0.3860918637777652,0
0.3994127753340591,0
0.40834889864021395,0
0.3711232211028108,0
0.4440861624873623,0
0.5688091313490741,0
0.5632666287205685,0
0.3298377608122793,0
0.45440372099966336,0
0.48057067931027997,0
0.4073745175085373,0
0.40251952761177495,0
0.4153644800290065,0
0.3572054380958363,0
0.3938666435103683,0
0.3293744961643017,0
0.4569258127924583,0
0.37098312926012655,0
0.4095385645610152,0
0.6522501787420688,0
0.3757466947936878,0
0.36561501493549164,0
0.4082205958812602,0
0.36026762290523434,0
0.573209995193648,0
0.4057660926701375,0
0.3886477763517029,0
0.5248309300305013,0
0.4212715550244816,0
0.39236002498373046,0
0.41755653105426555,0
0.3510475012720768,0
0.4228807340823049,0
0.4422913766319738,0
0.4165414229397293,1
0.43763046175818,1
0.48711594874945796,1
0.4096490082833099,1
0.3674524730680626,1
0.4044986745510075,1
0.5060263248957616,1
0.5043500351131452,1
0.4294640209558343,1
0.37433775367968236,1
0.53971758550181,1
0.3938704652099179,1
0.4386148313175407,1
0.39180460364607667,1
0.39302970868455916,1
0.5093994025790126,1
0.47621170447635164,1
0.41892409948684445,1
0.481005441043148,1
0.44565197082771035,1
0.41093011576814237,1
0.399519069811844,1
0.3242530121122343,1
0.5296833337910023,1
0.40703125395958506,1
0.3950143886264503,1
0.2759532135923421,1
0.426077880436185,1
0.4911019984018643,1
0.3842596142887559,1
0.4632264138514053,1
0.3558858423860594,1
0.3499843196670633,1
0.45397579180061903,1
0.36696259734119413,1
0.38581260918633575,1
0.3863785071551356,1
0.43648825145082437,1
0.41893681486633444,1
0.49025203947550744,1
0.4413655090863385,1
0.43095249821436776,1
0.42831198232243634,1
0.356135451156934,1
0.41091241045394555,1
0.39077701109494983,1
0.3582175069345239,1
0.40514650015918297,1
0.41359675227149545,1
0.4577957060615857,1
0.4067103586607691,1
0.38019126030153394,1
0.4224229688333992,1
0.41155239918842956,1
0.33991211705650864,1
0.448483940149625,1
0.25924946078264366,1
0.38098772763831534,1
0.3867355616589491,1
0.4719804500530703,1
0.4429242727736431,1
0.3753045861653335,1
0.41390299087596605,1
0.3965075767727661,1
0.46764226230653055,1
0.3849471291049792,1
0.43952584792503,1
0.4193011679817378,1
0.49680222215993014,1
0.43972620947412283,1
0.4803023074248854,1
0.38933195050073865,1
0.354456717548612,1
0.3907485474530525,1
0.4672331619373734,1
0.38023555545348325,1
0.41989178576147984,1
0.40603431398466394,1
0.4322619825396512,1
0.45208510118883,1
0.3984383539624951,1
0.34484458013408037,1
0.43961861316035517,1
0.4153865406122436,1
0.38004216736052454,1
0.4051131648462197,1
0.4181457838080142,1
0.3910587598202054,1
0.3922900579324803,1
0.44321699430032613,1
0.3517288994291014,1
0.4183693673406,1
0.4791905047086621,1
0.42328576978280275,1
0.4148937049771025,1
0.48554790120734453,1
0.39366658289746154,1
0.36953306690617976,1
0.43691856767761683,1
0.362002625298409,1
0.5093795967100149,1
0.3144938285026086,1
0.7052969773849117,1
0.43028853305503134,1
0.3928616894978823,1
0.37525479357211833,1
0.468980046690909,1
0.38512518165270787,1
0.4693021757594123,1
0.5045084641528776,1
0.46924571630133444,1
0.5358251580223171,1
0.41933276159024946,1
0.41333128343180725,1
0.3700328949324945,1
0.35734131008779757,1
0.438295327113842,1
0.44584121394424236,1
0.4238618009404933,1
0.34392732276959576,1
0.3721548135868312,1
0.38071120541317754,1
0.4730973613653265,1
0.4268785514215304,1
0.41837680609339123,1
0.5328637554146942,1
0.43326599592476917,1
0.371866964291896,1
0.391022958010191,1
0.4049860059222748,1
0.4132624308056406,1
0.37570673075794303,1
0.35758560308102494,1
0.4418294833807987,1
0.4917257173480185,1
0.40050823797100554,1
0.49275925570946577,1
0.3470044657277935,1
0.44889694550583914,1
0.4309475575567794,1
0.43915519255908547,1
0.3394725873187035,1
0.4488319478398393,1
0.3740739855171552,1
0.5126775189205767,1
0.35804677194119505,1
0.44501718399561585,1
0.4239944766453208,1
0.4528203617294543,1
0.38909463039630404,1
0.4301850460903451,1
0.3921176549355378,1
0.4512956904538767,1
0.38726018473774754,1
0.47744535605550603,1
0.3667003341127475,1
0.31040049861898455,1
0.4805617128727571,1
0.4530061373692369,1
0.479237296935819,0
0.37259659545862156,0
0.4033608852180912,0
0.37056833407666223,0
0.36067504225753233,0
0.3574136096747011,0
0.37183479761563304,0
0.31343541278267784,0
0.46670037107793044,0
0.5122723447440168,0
0.4113752927290354,0
0.36472831009866996,0
0.4447701343590151,0
0.29295646415778537,0
0.38210137580591647,0
0.43997044174126093,0
0.35645865228004237,0
0.3749140962761245,0
0.3450644426059401,0
0.34939325227496115,0
0.34885229179811866,0
0.3543659358917952,0
0.4064799730665613,0
0.5126362288962756,0
0.37465338748586247,0
0.3799315197424715,0
0.40280718001404187,0
0.5209074959680846,0
0.3960100112800733,0
0.43372725733489814,0
0.3865011969970633,0
0.4334159883993258,0
0.42831389971821554,0
0.329759939197263,0
0.43137593917127404,0
0.3944960706442713,0
0.3360345274346787,0
0.4000883998879214,0
0.28545716786902664,0
0.42405382045010204,0
0.4555320231170638,0
0.4088829796743659,0
0.44561516510877114,0
0.37862586708960616,0
0.5202552377501677,0
0.41035223259237585,0
0.31227997434740623,0
0.4059067228959086,0
0.4008667913995111,0
0.4215494147634763,0
0.4623574650421124,0
0.3699243087523118,0
0.3154070579191794,0
0.3871044673087115,0
0.38764669322478706,0
0.4631201849190285,0
0.4122890066291606,0
0.3922806428064367,0
0.35963859578376384,0
0.3680322251220553,0
0.5568604558413247,0
0.40176522855104885,0
0.48298329186789357,0
0.3309766870881886,0
0.5115243298395249,0
0.39447492462821293,0
0.38911730734947886,0
0.42259397057849674,0
0.3767118963922203,0
0.38473443357859366,0
0.34904798216125116,0
0.42880974974039454,0
0.4553420342232496,0
0.4470224240719465,0
0.5071952284464283,0
0.40261189870889924,0
0.3598893378724019,0
0.43660032942412713,0
0.4660818819969158,0
0.3950848406728199,0
0.3911925054276021,0
0.4262169798588716,0
0.3342409206473831,0
0.40422586649154774,0
0.47401129089105076,0
0.3682607327872418,0
0.40198246310832847,0
0.3496929223747402,0
0.39377589710051686,0
0.33675159980932634,0
0.3778550129877602,0
0.43450994418952654,0
0.4154108947269933,0
0.41228894933699495,0
0.4897797499213334,0
0.3880879289808123,0
0.44244034222008255,0
0.4317667070335131,0
0.38435120727999555,0
0.4445525726843761,0
0.43543149799638725,0
0.456771935917611,0
0.4957840890058672,0
0.3975957816523819,0
0.3587704927943779,0
0.40972535822232525,0
0.49285590905442245,0
0.3973452868298425,0
0.4773498518089142,0
0.454380483077343,0
0.4098499927169328,0
0.3784748445820395,0
0.33734354638001973,0
0.3044210204347389,0
0.3980806419372303,0
0.34339074456223934,0
0.41540329365410517,0
0.42169983276794126,0
0.40127372866643984,0
0.44708934257464694,0
0.3738424173756596,0
0.41630787412819065,0
0.3852047156991672,0
0.3755466222267092,0
0.4003752964401332,0
0.3982845652384873,0
0.3925845525583016,0
0.3644253521445355,0
0.4068937124521505,0
0.43381653350408955,0
0.36852128976746684,0
0.38754501203112884,0
0.3970362341085941,0
0.41675587505459244,0
0.3814838413064511,0
0.41363033849444064,0
0.3891367747876709,0
0.40952869025378114,0
0.34593508884411855,0
0.4523763975895011,0
0.3809761863811015,0
0.41648130613454953,0
0.4352226733352113,0
0.44683169745041984,0
0.47802108541087734,0
0.40981233852568627,0
0.6408181308217643,0
0.3604671235702072,0
0.42606325863738276,0
0.4275208008970163,0
0.481207310440378,0
0.3441264786253048,0
0.3624643048582415,0
0.42975227628864365,0
0.3958463536199286,0
0.5513470195786466,0
0.35989489201330666,0
0.40926179025305653,0
0.43780238790441417,0
0.40563649246859435,0
0.4231384155511548,0
0.4632825802462093,0
0.39553463061865424,0
0.40820407702546996,0
0.4188016238785677,0
0.4758170579614671,0
0.4386251335836598,0
0.45646858369265403,0
0.3790152168534638,0
0.4775984493266408,0
0.392391787494237,0
0.43731789056093656,0
0.34042441255248457,0
0.3179809936219852,0
0.45875109472170916,0
0.40307179866853615,0
0.41362213786901175,0
0.3876066432625723,0
0.3275579584621153,0
0.3481175838662946,0
0.417464897998579,0
0.4877140857851669,0
0.338905521456637,0
0.4112596761752234,0
0.40129013381072826,0
0.4142353220449524,0
0.4226203069911803,0
0.45766704865737395,0
0.348550179059162,0
0.3843902518844262,0
0.40055482165885026,0
0.3617084844984863,0
0.39019210765943035,0
0.4925494136497705,0
0.4356976484158369,0
0.3411284772705824,0
0.3355401753214942,0
0.4394965039138224,0
0.39147730539228015,0
0.35172610358692036,0
0.3609355036483143,0
0.31838742078496335,0
0.4231931403807966,0
0.420262682888534,0
0.34494399139973875,0
0.40447169011239203,0
0.34500949126922076,0
0.44008542780204674,0
0.2913581054339714,0
0.41004458440879005,0
0.5961639226969422,0
0.42086697673095386,0
0.36664587949169103,0
0.4460510036484765,0
0.47343727048208556,0
0.41553388228036237,0
0.47195479127156137,0
0.39878202092214826,0
0.4424286496335121,0
0.34734459393999007,0
0.41550720307151384,0
0.3982655277872004,0
0.47436443339117035,0
0.43018417621663024,0
0.4331688562673561,0
0.39166478836864166,0
0.35557055658011005,0
0.3189991272073023,0
0.4195516895365988,0
0.4077303159621286,0
0.3900313337453374,0
0.38021808955253006,0
0.40416324295233447,0
0.4452284130707744,0
0.4195754916558604,0
0.32979518490524684,0
0.44150690216983635,0
0.3947794246479496,0
0.3756283702459379,0
0.4567057377470384,0
0.3899920056247953,0
0.3441306978426828,0
0.39614575350578723,0
0.3473486147818457,0
0.3135628696750721,0
0.46466828850416475,0
0.3262948708334427,0
0.4222965904070651,0
0.4454224966468408,0
0.3510311942785121,1
0.3505133208232814,1
0.40444016742819816,1
0.4166062557630455,1
0.3794514293818494,1
0.42679078062413206,1
0.37615007121988653,1
0.3711624967042281,1
0.3732422014482973,1
0.38640472361846534,1
0.40101225080739633,1
0.4112864904696616,1
0.37706186844835116,1
0.4982381304906825,1
0.3999143492469347,1
0.43712452773997845,1
0.38798817884272824,1
0.37492393360979476,1
0.3850716906737584,1
0.40267166045465763,1
0.35534102469418055,1
0.38004784798811936,1
0.4291026923158513,1
0.45743079994678054,1
0.40236194278998744,1
0.6632586309416582,1
0.4618709770763632,1
0.38394397829966614,1
0.44384586663236897,1
0.4250525571548094,1
0.46586136380566767,1
0.4191420750287676,1
0.3685637381555323,1
0.47794197777562075,1
0.3925314475102951,1
0.3710624728385861,1
0.4627068722462428,1
0.41003457776696906,1
0.37463016345037436,1
0.3627733335810126,1
0.4129683647536199,1
0.352588524171158,1
0.46978656365517235,1
0.39600420826968524,1
0.40455265973294763,1
0.5932041763394031,1
0.3749062543604332,1
0.4219704749750025,1
0.40808067546691246,1
0.5253480993627161,1
0.38674681948991885,1
0.40429011158135975,1
0.37582423025630296,1
0.3691593129775352,1
0.4616501222911158,1
0.3917884827575188,1
0.4072517377533509,1
0.3311826899737202,1
0.4005502987404796,1
0.5244436632889427,1
0.42212736101528914,1
0.4222582754951892,1
0.4980741568027514,1
0.45010310078704735,1
0.4173429368335798,1
0.33592913645310796,1
0.39947568317555365,1
0.47182025612499934,1
0.33416951733918865,1
0.4902106113044868,1
0.3906339823474165,1
0.4366514799249266,1
0.5137753874596331,1
0.48124572032951063,1
0.3877191698166898,1
0.37860941713909385,1
0.3597335932222101,1
0.39513151584499995,1
0.39286988930683897,1
0.4240057817517209,1
0.3746797480089999,1
0.37290918006150614,1
0.3485849113746644,1
0.3907486478749122,1
0.38349817727762653,1
0.4150444634673826,1
0.4617803455645126,1
0.4157483436904641,1
0.43245907037937903,1
0.42856417011743353,1
0.5587655748715676,1
0.36740495182807265,1
0.40224831171690484,1
0.4308815766448397,1
0.36634751753501144,1
0.35538073214289817,1
0.4257312696708383,1
0.37675602993604396,1
0.4715079624474523,1
0.3829670307733797,1
0.5541464567229878,1
0.47182427295855234,1
0.38946444459884305,1
0.4132081610680491,1
0.36031339884144964,1
0.4540258362210739,1
0.3610299895747042,1
0.3843793761388744,1
0.4811712565882178,1
0.4574460448947602,1
0.4645491595660234,1
0.34460957499302874,1
0.35523945973845134,1
0.4390639189936419,1
0.41100614750795744,1
0.3157754371200688,1
0.5106232759672359,1
0.4275889073955094,1
0.3902766488213759,1
0.48616990646108116,1
0.42158207287354665,1
0.40942205363438067,1
0.3875694143952667,1
0.43533493267062323,1
0.4420643036762456,1
0.4076708069992256,1
0.4014632345823501,1
0.41093332162975915,1
0.46247182333771175,1
0.4348412382376712,1
0.38098159999666203,1
0.40595899142211417,1
0.42951540933562815,1
0.43903529720519635,1
0.3989146730053572,1
0.4150465296141188,1
0.326687714369819,1
0.3949291713482783,1
0.4155725687694462,1
0.4071279212394433,1
0.3934942633584946,1
0.4033338979921437,1
0.37488484318849796,1
0.4335202444632933,1
0.4295020262811683,1
0.4049087945888458,1
0.37326787213594126,1
0.4277122908554491,1
0.2939166481513438,1
0.379936025556978,1
0.41186124596037027,1
0.3866021397447945,1
0.6545763396884458,1
0.2783239483357317,1
0.4403364826122602,1
0.3870685846023037,1
0.4018094361460023,1
0.3972211948698575,1
0.40147176829821385,1
